Tungöl;Leinöl;Epoxy-Produkte farblos;Epoxy-Produkte farbig;Metallschutzlack 4in1;Kombilack;Dielenlack_Klarlack;Yachtlack_Bootslack;Steinteppich_Steine;Dickschichtlasur;Farbchips;Dickschichtlasur ;Imprägnierung;Strassenmarkierungsfarbe;Pinsel;Tiefgrund;Reiniger_Konzentrat;Latexfarbe;Elefantenhaut ;Nagelschuhe;Grundierung;Hammerschlaglack;Fliesenlack;Heizkörperlack;Bodenwalze
w215;Natur - Leinöl;w702 - farblos;w702;W908;w420;w410;sl100;W730;Dickschichtlasur;W750;W220;Imprägnierung;Strassenmarkierungsfarbe;Pinsel;Tiefgrund;Rostschutz;Latexfarbe;Elefantenhaut ;Nagelschuhe;Bodenbeschichtung - Grundierung;Hammerschlaglack;Fliesenlack;Heizkörperlack;Bodenwalze
Tung - Oil;Natur - Holzschutz;sl450 - farblos;sl450;4in1 - metalllack;w700;Dielenlack;w400;W731;Holzlasur;Farbchips;Dickschichtlasur ;W870;;Lackpinsel;Grundierung;Reiniger;;;;Grundierung;;;;Farbrolle
Tungöl;Natur - Holzöl;w735 - farblos;w735;;w725;Klarlack;Yachtlack;Steinteppich;W220;Farbchips - set;;W840;;;;Vorreiniger;;;;;;;;
Bangkirai;w200;2k - Balkonfarbe - farblos;2k - Balkonfarbe;;w900;Parkettlack;Bootslack;Marmorkies;;;;;;;;;;;;;;;;
;Naturstein;2K - Terrassenfarbe - farblos;2K - Terrassenfarbe;;W510;;;Quarzkies;;;;;;;;;;;;;;;;
;Steinöl;2K - Bodenfarbe - farblos;2K - Bodenfarbe;;Holzbeschichtung - Holzschutz;;;Steinteppich - set;;;;;;;;;;;;;;;;
;Pflegeöl;2K - Garagenfarbe - farblos;2K - Garagenfarbe;;Universallack;;;;;;;;;;;;;;;;;;;
;Möbelöl;2K - Betonfarbe - farblos;2K - Betonfarbe;;Bodenfarbe - Betonfarbe;;;;;;;;;;;;;;;;;;;
;Holzöl;2K - Schwimmbadfarbe - farblos;2K - Schwimmbadfarbe;;Dachfarbe - Ziegelfarbe;;;;;;;;;;;;;;;;;;;
;Leinöl;2K - Poolfarbe - farblos;2K - Poolfarbe;;metalllack - metallfarbe;;;;;;;;;;;;;;;;;;;
;Firnis;2K - Poolbeschichtung - farblos;2K - Poolbeschichtung;;Holzfarbe;;;;;;;;;;;;;;;;;;;
;Holzpflege;2K - farblos;2K - Fliesenlack;;;;;;;;;;;;;;;;;;;;;
;;;2k - Epoxidharz;;;;;;;;;;;;;;;;;;;;;
